country_from,year,total_refugees,total_refugees_unhcr
Guatemala,2020,24544,587
Barbados,2019,243,0
Guatemala,2018,19128,171
Madagascar,2018,298,0
Antigua and Barbuda,2017,99,0
Côte d'Ivoire,2016,46811,34100
Sudan,2016,650391,610787
Colombia,2014,360291,101350
Bahrain,2014,344,9
Haiti,2012,38559,412
Azerbaijan,2012,15541,1799
Oman,2012,62,0
Uzbekistan,2011,12667,1958
Rep. of Moldova,2011,6261,5
Iran (Islamic Rep. of),2010,68785,10716
Turkey,2010,146785,15664
Argentina,2010,553,12
Togo,2021,7720,3602
Nauru,2020,5,0
Singapore,2019,39,0
Canada,2019,71,0
Seychelles,2018,15,0
Kazakhstan,2017,2406,10
Sao Tome and Principe,2016,31,26
Croatia,2014,40121,12103
Botswana,2014,234,0
Gabon,2010,167,9
Lebanon,2021,5919,121
Timor-Leste,2021,11,0
Czechia,2021,1077,0
Saint Kitts and Nevis,2021,50,0
Syrian Arab Rep.,2020,6702912,3159112
Slovakia,2019,1343,0
Bangladesh,2017,16780,84
Nigeria,2016,229290,202160
Netherlands,2014,63,0
Mauritania,2013,34239,26689
Austria,2012,15,0
Belgium,2011,88,0
Angola,2010,134851,90395
New Zealand,2019,34,0
Serbia and Kosovo: S/RES/1244 (1999),2015,38620,2585
Senegal,2013,19815,17489
Australia,2013,27,0
Malaysia,2012,523,0
Djibouti,2012,626,79
Burundi,2011,101282,66836
Hungary,2021,4817,0
Australia,2016,15,0
Burundi,2015,292750,261153
Saudi Arabia,2015,686,17
Qatar,2015,21,0
Syrian Arab Rep.,2014,3887490,3723051
Honduras,2013,3299,156
Algeria,2012,5657,75
Colombia,2012,394112,93025
Ethiopia,2012,74964,41252
Fiji,2011,1576,0
Sierra Leone,2019,5288,832
Norway,2019,5,0
Honduras,2017,14424,917
Niue,2015,18,0
Estonia,2014,340,0
Botswana,2013,165,0
Sao Tome and Principe,2012,31,31
Serbia and Kosovo: S/RES/1244 (1999),2011,161664,10943
Zimbabwe,2010,24080,798
Mali,2018,158267,136302
Spain,2018,46,0
Turks and Caicos Islands,2018,14,0
Oman,2017,39,0
Guyana,2017,260,5
Mongolia,2016,2282,0
Finland,2015,10,0
Nigeria,2014,90936,57417
Sudan,2013,648936,606450
Armenia,2010,17553,55
Kenya,2010,8585,3836
Malaysia,2010,550,0
Pakistan,2021,135580,3735
Lesotho,2021,6,0
Libya,2020,17523,2654
United States of America,2020,349,22
Niger,2019,3063,1642
Algeria,2019,4514,45
Bosnia and Herzegovina,2019,16556,1977
Belarus,2019,3425,10
Bahamas,2019,501,0
Jamaica,2016,1998,12
Portugal,2016,20,0
Cabo Verde,2016,10,0
Chile,2015,554,5
Gambia,2015,8473,74
Côte d'Ivoire,2014,71956,59423
Mongolia,2012,2111,0
Rwanda,2011,106832,43975
Philippines,2020,469,31
Chad,2018,10895,5797
Slovenia,2017,17,0
Trinidad and Tobago,2017,310,0
South Sudan,2016,1436707,1395430
Dominican Rep.,2016,359,5
Israel,2015,787,0
Saint Vincent and the Grenadines,2015,1823,0
Albania,2014,10156,6
Bangladesh,2014,10868,179
Cuba,2013,7453,1152
Panama,2013,99,18
Lithuania,2011,523,0
Algeria,2021,4965,46
Croatia,2021,18294,1504
Belgium,2021,27,0
Cabo Verde,2021,5,0
Estonia,2020,277,5
Bahrain,2016,461,24
Timor-Leste,2016,19,0
Lesotho,2016,5,0
Somalia,2015,1123144,839679
Ukraine,2015,321399,5371
Belgium,2015,66,0
Fiji,2014,927,10
Viet Nam,2013,314109,209
North Macedonia,2013,1622,5
Grenada,2013,330,0
Togo,2012,15683,6063
Greece,2012,48,0
Yemen,2011,2321,330
Grenada,2021,61,0
India,2020,12398,19
Uganda,2020,7442,1090
Suriname,2020,17,0
"Congo, Republic of",2019,12743,1222
Turkey,2016,57915,15799
Austria,2014,5,0
State of Palestine,2012,94916,15867
Myanmar,2012,415363,227191
Israel,2011,1323,16
Fiji,2010,1849,0
Japan,2013,154,0
Angola,2019,8176,639
Kyrgyzstan,2017,2771,96
China,2016,207768,275
Sao Tome and Principe,2015,24,19
Cayman Islands,2015,6,0
China,2011,190369,299
Papua New Guinea,2010,87,0
Singapore,2010,74,0
Guinea-Bissau,2021,1649,5
Zambia,2021,265,0
Sweden,2021,7,0
Honduras,2020,34456,6222
Tunisia,2018,1985,39
Turks and Caicos Islands,2016,14,0
Pakistan,2014,335947,302136
Iran (Islamic Rep. of),2012,75932,12172
China,2010,184601,257
Sudan,2010,387265,352538
Namibia,2010,1013,967
Belize,2010,21,0
Cuba,2019,6625,1003
Eritrea,2018,507260,311156
Gabon,2018,342,0
Tunisia,2015,1554,42
Saint Lucia,2015,1011,0
Papua New Guinea,2014,285,0
Madagascar,2014,279,0
Saint Vincent and the Grenadines,2018,1258,5
Nigeria,2013,31173,16592
Marshall Islands,2013,5,0
Sudan,2012,568934,528362
Solomon Islands,2012,60,0
Dem. Rep. of the Congo,2011,491470,426703
Ukraine,2011,25372,23
Bahamas,2011,184,0
Eritrea,2010,222457,123474
Bangladesh,2010,10046,38
Poland,2021,884,0
Seychelles,2021,14,0
Tonga,2020,31,0
United Kingdom,2019,69,6
Liberia,2018,5508,2450
Jamaica,2018,2448,26
Sri Lanka,2018,113955,1584
Philippines,2016,426,25
Guatemala,2016,12549,65
Syrian Arab Rep.,2015,4873236,4548351
Bangladesh,2015,12154,148
Ethiopia,2015,85839,42785
Paraguay,2011,91,5
Antigua and Barbuda,2011,32,0
Indonesia,2021,14077,11623
Viet Nam,2021,316999,928
Algeria,2020,4571,51
Brazil,2019,1399,0
Turkey,2018,68900,15725
Nigeria,2018,276834,232774
Russian Federation,2018,61457,546
Papua New Guinea,2018,424,0
Hungary,2018,3927,0
Egypt,2017,22106,379
Unknown/other,2017,202190,17213
Bhutan,2015,17709,16615
Equatorial Guinea,2015,142,5
South Sudan,2014,616206,616053
Singapore,2014,55,0
Canada,2014,89,0
Unknown/other,2012,132803,5547
Saudi Arabia,2012,811,17
Gabon,2012,189,5
Greece,2011,54,0
Saint Lucia,2011,432,0
Myanmar,2010,415662,206412
Honduras,2021,42086,9863
Ecuador,2020,1689,6
Romania,2019,1352,0
Yemen,2018,31145,22446
Cuba,2018,5488,694
Cuba,2017,5331,684
Malawi,2017,434,0
Turks and Caicos Islands,2017,14,0
North Macedonia,2016,1730,5
Namibia,2016,1363,924
Cayman Islands,2016,6,0
Mexico,2015,11340,26
Grenada,2014,324,0
Comoros,2013,509,0
Western Sahara,2012,116451,90267
Uzbekistan,2010,8841,871
Israel,2020,373,0
Saint Vincent and the Grenadines,2019,979,5
Mauritania,2018,37050,29474
Eswatini,2018,237,0
Viet Nam,2016,329341,329
Slovakia,2016,792,0
Angola,2012,19253,1434
Afghanistan,2012,2586132,2483432
Niger,2011,805,5
Sao Tome and Principe,2011,32,32
Mauritius,2010,25,0
Jordan,2021,2794,57
Mexico,2021,16045,13
Guinea,2019,26857,277
United Arab Emirates,2018,169,0
Dominican Rep.,2018,472,0
Panama,2018,44,5
Côte d'Ivoire,2017,40009,26405
Slovakia,2017,913,0
Cuba,2016,5940,511
Japan,2016,53,0
Venezuela (Bolivarian Republic of),2016,7543,384
Belgium,2016,44,0
Romania,2015,1731,0
Turkey,2014,63882,16719
South Africa,2014,422,5
Guatemala,2012,6389,78
Costa Rica,2010,352,0
Spain,2020,52,0
Papua New Guinea,2019,475,0
Cyprus,2018,7,0
Malaysia,2016,453,0
Kenya,2014,8546,4043
Senegal,2012,18717,16767
Rep. of Korea,2012,555,0
Czechia,2010,811,0
Iraq,2021,335060,77467
Djibouti,2021,2480,76
Bahamas,2021,657,0
Senegal,2020,13986,6035
Fiji,2015,887,10
Mauritania,2014,34103,26623
Bosnia and Herzegovina,2014,21883,3803
Malaysia,2013,478,0
Spain,2012,55,5
Costa Rica,2011,332,0
Ethiopia,2021,145125,95991
Rep. of Korea,2021,131,5
Uganda,2021,7840,1141
Tajikistan,2019,1987,84
Uruguay,2019,15,0
Myanmar,2016,490285,239709
Curaçao,2016,35,0
Montenegro,2015,646,0
Chile,2014,571,10
Pakistan,2013,48676,17884
Ukraine,2013,5154,28
Bulgaria,2012,2143,13
Niue,2011,7,0
Cayman Islands,2021,5,0
Rep. of Moldova,2020,2206,29
Somalia,2019,901596,614411
Fiji,2018,675,0
Colombia,2016,311059,28155
Cameroon,2014,10739,350
Liberia,2014,13561,9208
Maldives,2013,30,5
Turkmenistan,2013,502,11
Sweden,2013,18,0
Trinidad and Tobago,2012,335,0
Japan,2021,39,0
Côte d'Ivoire,2020,37525,22415
Angola,2020,8196,647
Iraq,2019,336274,94366
Algeria,2018,4181,51
Morocco,2018,3873,25
United States of America,2017,310,13
Mozambique,2015,55,5
Ireland,2015,5,0
Thailand,2013,220,10
Andorra,2011,5,0
Mali,2010,3659,5
Peru,2010,5834,563
Barbados,2010,29,0
Uzbekistan,2021,3035,150
Chad,2017,16325,10310
Timor-Leste,2017,13,0
Tunisia,2016,1687,40
Niger,2016,1230,452
France,2015,90,0
Guatemala,2014,7487,91
Venezuela (Bolivarian Republic of),2010,6697,244
Marshall Islands,2021,7,0
Croatia,2020,23451,4262
Malawi,2020,514,0
China,2019,212863,284
New Zealand,2018,34,0
Rep. of Korea,2018,274,0
Saint Vincent and the Grenadines,2017,1311,5
Djibouti,2016,1437,92
Greece,2015,111,0
Curaçao,2015,35,0
Austria,2011,10,0
Turks and Caicos Islands,2021,14,0
Eswatini,2020,198,0
Suriname,2019,17,0
Venezuela (Bolivarian Republic of),2018,21047,1408
Syrian Arab Rep.,2017,6310498,3216175
Sudan,2017,694556,661141
Central African Rep.,2016,490879,488076
Netherlands,2016,32,0
Qatar,2016,25,0
Malaysia,2015,435,0
Jordan,2011,2242,80
Saint Vincent and the Grenadines,2021,619,0
Nigeria,2020,352960,304892
Serbia and Kosovo: S/RES/1244 (1999),2019,31251,666
Liberia,2019,5365,2506
El Salvador,2018,32562,2084
Honduras,2018,18857,1076
Guinea,2016,17536,201
Italy,2013,64,0
Spain,2013,56,5
Belize,2012,35,0
Turks and Caicos Islands,2012,14,0
Italy,2011,57,0
Bahrain,2010,81,0
Sao Tome and Principe,2010,32,32
Afghanistan,2021,2610067,2236948
Denmark,2021,7,0
Japan,2019,39,0
Curaçao,2019,35,0
Unknown/other,2018,216540,11593
Kenya,2018,7480,3687
Latvia,2018,152,5
Kuwait,2017,1097,24
Botswana,2016,265,0
Estonia,2015,315,0
Israel,2014,967,16
Iraq,2012,746204,165915
Timor-Leste,2012,8,0
Brazil,2021,1736,41
United Kingdom,2020,62,6
Rep. of Korea,2019,180,5
Spain,2019,51,0
Germany,2018,61,9
Sao Tome and Principe,2018,31,26
Mali,2016,156415,139158
"China, Macao SAR",2016,5,0
Iraq,2014,369960,119628
Yemen,2014,2623,460
Somalia,2013,1121760,1004495
Azerbaijan,2013,10808,1673
Kenya,2013,8580,4127
North Macedonia,2021,1531,0
Georgia,2019,7519,164
Angola,2016,8388,926
Kazakhstan,2016,2366,15
Rep. of Moldova,2016,2316,16
State of Palestine,2013,96035,16726
Yemen,2013,2413,431
Rep. of Moldova,2013,2210,13
Canada,2010,86,0
Timor-Leste,2018,12,0
Egypt,2016,19792,280
Belize,2014,42,0
Paraguay,2013,91,0
Algeria,2010,6665,76
Mongolia,2010,1720,0
"China, Macao SAR",2010,8,0
Japan,2011,176,0
State of Palestine,2021,101036,9423
Uruguay,2020,15,0
Philippines,2019,554,29
Montenegro,2019,659,0
Rwanda,2018,247469,238165
Mauritius,2018,156,0
El Salvador,2015,14778,994
Australia,2015,21,0
Liberia,2013,17548,11443
Nicaragua,2012,1526,811
Yemen,2010,2070,299
Tajikistan,2010,573,42
Kuwait,2019,1300,31
Cambodia,2018,12139,285
Uganda,2017,6409,791
Seychelles,2016,10,0
Lithuania,2015,143,0
Latvia,2011,706,0
Benin,2011,460,20
Myanmar,2020,1103245,1098296
Chad,2019,11163,7569
Benin,2018,659,5
Senegal,2018,18208,7521
Botswana,2018,289,0
Morocco,2017,3089,28
Iraq,2016,316056,131363
Malawi,2015,429,0
United Kingdom,2014,137,0
Dem. Rep. of the Congo,2012,509275,446655
Antigua and Barbuda,2012,45,0
Tonga,2011,7,0
Nepal,2021,7176,23
Australia,2020,20,5
Eritrea,2019,504300,298953
United Rep. of Tanzania,2019,695,30
Eswatini,2019,224,0
Cayman Islands,2018,6,0
Niue,2016,19,0
Sudan,2015,627080,604059
Dominica,2015,35,0
Armenia,2014,11839,45
Saint Vincent and the Grenadines,2014,1736,0
Guinea,2013,14559,180
Estonia,2012,455,0
Brazil,2011,1040,0
Haiti,2010,25886,309
Namibia,2021,469,6
Gabon,2019,440,0
Kuwait,2018,1251,38
Saint Lucia,2018,1025,0
Pakistan,2017,128914,81059
Malaysia,2017,540,0
Antigua and Barbuda,2016,82,0
El Salvador,2011,6725,483
Uganda,2011,5658,814
Equatorial Guinea,2011,261,34
Dominican Rep.,2011,239,11
Cabo Verde,2011,22,0
Cameroon,2018,45118,241
Chile,2018,479,0
Nicaragua,2018,1671,679
United Kingdom,2017,85,5
Finland,2017,5,0
Lesotho,2015,16,0
Mexico,2013,9396,18
Jordan,2012,2363,110
Uruguay,2012,168,0
Panama,2011,98,18
Eswatini,2010,32,0
Bhutan,2014,23633,23059
Yemen,2020,32433,18153
Sweden,2020,8,0
Burundi,2019,380900,371093
Hungary,2019,4007,0
Angola,2018,8243,958
Tonga,2018,32,0
Sierra Leone,2013,5305,944
Zimbabwe,2013,19719,1273
Bahrain,2013,274,0
Cyprus,2013,10,5
Barbados,2012,50,0
Honduras,2012,2612,76
Liberia,2011,66779,60134
Ghana,2010,20175,3777
Saint Kitts and Nevis,2010,10,0
Switzerland,2010,20,0
Albania,2020,15523,0
Jordan,2020,2486,105
Kuwait,2020,1422,36
Djibouti,2019,2351,66
Malaysia,2018,817,0
Saint Kitts and Nevis,2015,25,0
Turks and Caicos Islands,2015,14,0
Bahrain,2011,213,0
Jordan,2010,2248,87
Suriname,2021,16,0
Lebanon,2020,5495,125
Mauritius,2020,176,0
Portugal,2020,27,0
Nigeria,2019,295578,244263
Yemen,2019,36522,24752
Austria,2019,18,0
United Kingdom,2018,84,5
Sweden,2018,16,0
Stateless,2017,53352,1182
New Zealand,2015,16,0
Brazil,2014,977,5
Slovenia,2014,25,0
Guyana,2012,800,0
Venezuela (Bolivarian Republic of),2011,7575,252
Burundi,2010,84053,69712
Venezuela (Bolivarian Republic of),2021,186832,31413
Iraq,2020,333200,88096
Djibouti,2020,2419,67
Dominica,2020,55,0
Turkey,2019,83239,15903
Ukraine,2019,59844,1612
Ukraine,2018,93248,3796
Cabo Verde,2018,10,0
United States of America,2016,302,5
Belarus,2016,3831,5
Sudan,2014,665956,644072
Georgia,2014,6687,603
United States of America,2013,4755,12
Madagascar,2013,298,0
Saint Vincent and the Grenadines,2013,1535,0
Malta,2013,5,0
"Congo, Republic of",2021,12595,1210
"China, Hong Kong SAR",2021,27,0
Pakistan,2020,133280,43319
Afghanistan,2020,2594827,2248091
Stateless,2020,53725,147
Timor-Leste,2019,17,0
Serbia and Kosovo: S/RES/1244 (1999),2018,32368,1164
Spain,2017,39,0
Gambia,2016,11589,112
Saint Lucia,2016,993,0
Egypt,2015,17929,292
Tajikistan,2013,657,53
Turkey,2012,135353,15546
El Salvador,2012,8173,519
Papua New Guinea,2011,126,0
Mauritania,2010,37721,30494
Trinidad and Tobago,2010,252,0
Western Sahara,2021,116959,90084
Austria,2020,18,0
Guatemala,2019,22770,420
Turkmenistan,2019,478,22
Cambodia,2017,12238,242
Kuwait,2016,1013,23
Côte d'Ivoire,2015,71107,58711
"Congo, Republic of",2013,11744,1410
Ethiopia,2013,77109,44015
Tonga,2012,11,0
Iran (Islamic Rep. of),2011,72366,12038
India,2010,17766,17
Trinidad and Tobago,2020,295,0
Thailand,2018,183,28
Czechia,2017,1272,0
China,2015,212911,266
Serbia and Kosovo: S/RES/1244 (1999),2014,45730,6953
Curaçao,2014,35,0
Mauritania,2012,33747,26233
India,2012,14245,7
Poland,2012,1638,5
Netherlands,2012,69,0
Libya,2011,4372,1068
Denmark,2020,5,0
State of Palestine,2019,96253,12199
Ecuador,2019,1644,5
Mauritius,2016,106,0
Estonia,2016,303,0
Azerbaijan,2015,9707,1552
Oman,2015,36,0
Equatorial Guinea,2013,196,21
Poland,2013,1428,5
Kiribati,2013,21,0
Bosnia and Herzegovina,2010,62996,25611
Haiti,2019,26734,220
Zimbabwe,2019,10045,663
"Congo, Republic of",2015,14772,1973
Somalia,2011,1077038,965603
Belarus,2011,5916,15
Germany,2011,169,0
Honduras,2011,1967,74
Rep. of Korea,2010,578,0
Saudi Arabia,2010,659,10
Andorra,2010,5,0
Burkina Faso,2020,15694,12905
Slovenia,2019,19,0
Azerbaijan,2018,11246,1830
Norway,2015,10,0
Cambodia,2014,13066,160
Solomon Islands,2013,60,0
Netherlands,2013,59,0
Uzbekistan,2012,11593,655
Ireland,2012,7,0
Mauritania,2011,39919,32454
Ghana,2020,13844,8533
Madagascar,2019,298,0
Bahamas,2018,421,0
Trinidad and Tobago,2018,323,0
Maldives,2017,64,13
Burkina Faso,2017,2694,0
Venezuela (Bolivarian Republic of),2015,7455,231
Marshall Islands,2014,5,0
Germany,2013,164,0
Seychelles,2013,24,0
Sri Lanka,2011,136602,2920
Qatar,2020,33,0
Israel,2018,492,0
Liberia,2017,6039,3055
Paraguay,2017,77,0
India,2015,9882,10
Morocco,2014,1523,37
Central African Rep.,2011,162861,146680
Lithuania,2010,508,0
Costa Rica,2021,228,11
United Arab Emirates,2021,208,5
United Rep. of Tanzania,2020,689,36
Paraguay,2020,119,0
"China, Hong Kong SAR",2020,15,0
Tunisia,2020,1636,45
Tunisia,2014,1476,35
Kazakhstan,2013,2114,10
Sierra Leone,2012,6191,995
Cuba,2012,7722,1438
Dem. Rep. of the Congo,2010,476691,390472
Saint Lucia,2010,334,0
Dem. People's Rep. of Korea,2018,797,57
El Salvador,2016,19617,1179
Lithuania,2016,74,5
Venezuela (Bolivarian Republic of),2019,93239,25116
Romania,2018,1155,0
Oman,2018,42,0
Burundi,2016,408066,399367
Saint Kitts and Nevis,2016,49,0
Lebanon,2015,4353,106
Czechia,2015,1280,0
India,2014,10431,12
Portugal,2013,27,0
France,2012,94,0
Nicaragua,2011,1464,788
Israel,2010,1290,16
Myanmar,2021,1127586,1002738
Greece,2020,90,0
United Arab Emirates,2019,155,0
Stateless,2018,55765,167
Dem. Rep. of the Congo,2016,537474,465522
Nepal,2016,8364,22
Bolivia (Plurinational State of),2015,566,14
Myanmar,2014,479006,215741
Saudi Arabia,2014,616,15
Libya,2021,18346,2640
Sudan,2021,805874,752576
Portugal,2021,27,0
Western Sahara,2020,116925,90084
Togo,2020,7704,3640
Marshall Islands,2020,7,0
Nicaragua,2019,4376,1957
Gambia,2018,17237,22
Iran (Islamic Rep. of),2017,118639,15142
Portugal,2015,28,0
Cuba,2014,7497,1205
Trinidad and Tobago,2013,336,0
Belarus,2010,5735,15
Kazakhstan,2021,2800,24
Nicaragua,2021,9895,4602
Uruguay,2021,31,0
United Arab Emirates,2020,181,0
Grenada,2018,96,0
Dem. Rep. of the Congo,2017,620805,549818
Ethiopia,2017,87448,42344
France,2017,54,0
Portugal,2017,16,0
Azerbaijan,2014,10508,1604
Mauritius,2011,36,0
Nicaragua,2020,8701,4289
Peru,2020,2834,75
Zambia,2017,260,0
Japan,2017,44,0
Afghanistan,2016,2501447,1422529
Montenegro,2016,713,0
Belize,2016,58,0
Suriname,2016,16,0
Botswana,2010,56,0
Spain,2021,52,0
Bahrain,2020,534,16
Benin,2017,572,5
Yemen,2016,18427,14745
Equatorial Guinea,2016,131,5
Norway,2016,10,0
Switzerland,2016,5,0
Mauritius,2015,101,0
Poland,2015,1298,5
Comoros,2015,550,0
Sri Lanka,2014,121991,2179
United States of America,2014,4980,12
Dominica,2012,52,0
Czechia,2011,758,0
Georgia,2010,10636,2565
Kyrgyzstan,2010,2748,24
Nigeria,2010,15645,3154
Lao People's Dem. Rep.,2010,8412,204
Cabo Verde,2010,22,0
Monaco,2019,5,0
Solomon Islands,2018,33,0
Suriname,2018,22,0
Belarus,2015,4117,10
Morocco,2015,1760,38
Eritrea,2014,363081,244200
Romania,2011,3422,10
Guatemala,2011,6087,80
Rwanda,2010,115519,39534
Antigua and Barbuda,2010,28,0
Albania,2012,12569,6
Mauritius,2021,180,0
Montenegro,2020,530,0
Belgium,2019,34,0
Iran (Islamic Rep. of),2018,129941,13090
Albania,2017,12168,0
Colombia,2017,191635,26122
Haiti,2014,37147,750
Bulgaria,2010,2558,13
Nauru,2021,5,0
Mali,2020,164588,146557
Belgium,2020,28,0
Guinea-Bissau,2018,2043,0
Morocco,2016,2240,44
Costa Rica,2015,374,0
Nigeria,2015,167973,146096
Thailand,2014,223,9
Suriname,2013,17,0
Israel,2012,1326,16
Dem. People's Rep. of Korea,2011,1046,18
Estonia,2010,242,0
Côte d'Ivoire,2021,38987,18237
Somalia,2021,790022,661670
Ukraine,2021,30800,808
Kuwait,2021,1556,18
Brazil,2020,1548,38
Japan,2020,40,0
Sudan,2019,734780,690835
Libya,2018,13868,2502
Georgia,2017,6535,210
Namibia,2015,1272,914
United Arab Emirates,2011,484,0
Tajikistan,2011,604,33
Guyana,2011,768,0
Mexico,2020,15398,24
Bolivia (Plurinational State of),2019,514,0
Ethiopia,2019,93467,49048
Curaçao,2018,35,0
Mongolia,2017,2227,0
Lesotho,2017,6,0
Kuwait,2015,1076,33
Pakistan,2011,35948,3919
Mozambique,2011,147,10
Ecuador,2010,859,28
New Zealand,2010,11,0
Grenada,2011,325,0
Bolivia (Plurinational State of),2021,529,0
Madagascar,2021,276,0
Guinea,2020,26792,327
Norway,2020,5,0
Togo,2019,8034,3624
Uganda,2016,6229,895
Senegal,2016,23054,15951
Andorra,2014,5,0
Bangladesh,2011,10047,48
Malawi,2011,216,0
Morocco,2021,4857,17
Austria,2021,18,0
Dem. Rep. of the Congo,2020,840392,764788
Chad,2020,10388,6961
Romania,2020,1343,0
Bulgaria,2020,510,0
Poland,2019,961,0
Albania,2018,13512,0
Turkmenistan,2018,457,17
Portugal,2018,20,0
Guatemala,2017,16284,177
Tajikistan,2017,1369,71
Uzbekistan,2016,3824,249
Grenada,2016,100,0
Turkey,2015,59545,15644
Antigua and Barbuda,2014,53,0
Czechia,2014,1321,0
Chile,2012,1145,5
Senegal,2011,17710,16043
Azerbaijan,2010,16756,2428
Lesotho,2010,5,0
Seychelles,2010,47,0
Latvia,2021,127,8
Armenia,2020,10334,21
Czechia,2020,1112,0
Mali,2019,164466,141337
Cambodia,2019,11986,330
Turks and Caicos Islands,2019,14,0
Croatia,2017,24869,8539
Solomon Islands,2015,71,0
"Congo, Republic of",2014,14498,1978
Burkina Faso,2013,1578,10
Zambia,2012,240,0
Nepal,2011,6845,41
Haiti,2021,26519,1062
Jamaica,2019,2529,26
Singapore,2017,48,0
Solomon Islands,2016,71,0
Romania,2014,1917,5
Solomon Islands,2010,75,0
South Africa,2021,564,6
Iceland,2021,5,0
State of Palestine,2020,100153,11322
Timor-Leste,2020,11,0
Niue,2020,18,0
Cameroon,2019,66241,52509
Mexico,2019,14621,24
Papua New Guinea,2016,401,0
Central African Rep.,2015,471093,469034
China,2014,210793,275
Bolivia (Plurinational State of),2014,594,13
Syrian Arab Rep.,2013,2468323,2393375
Djibouti,2013,747,80
Suriname,2012,14,0
Nigeria,2011,17140,3819
Myanmar,2011,414615,206252
Sierra Leone,2021,6248,685
Guyana,2018,283,5
Kenya,2015,7902,3525
Cabo Verde,2013,22,0
Tunisia,2012,1918,29
United Kingdom,2012,150,0
Albania,2013,10104,6
Bosnia and Herzegovina,2021,15394,566
Viet Nam,2019,316441,789
Denmark,2019,5,0
Somalia,2018,949637,656263
Maldives,2018,74,11
Guinea,2015,16995,198
Madagascar,2015,285,0
Niger,2013,674,5
China,2012,193449,319
Liberia,2021,5170,2254
China,2020,175361,304
Malaysia,2020,1058,5
Stateless,2015,37415,1057
United Kingdom,2015,128,0
Turkmenistan,2015,446,22
Chad,2014,48236,12041
Niger,2012,824,5
Saint Kitts and Nevis,2012,10,0
Unknown/other,2011,145045,4540
Qatar,2010,109,0
Israel,2021,385,5
Burundi,2017,439320,431036
Bhutan,2017,7954,6844
Botswana,2017,279,0
Sweden,2016,13,0
United Rep. of Tanzania,2015,810,98
Cyprus,2014,10,5
Stateless,2013,20198,384
Afghanistan,2013,2556483,2451894
Timor-Leste,2013,8,0
Finland,2011,6,0
Philippines,2010,963,17
Slovakia,2010,157,0
Senegal,2019,17208,5898
Zimbabwe,2018,15618,738
Iraq,2017,362536,128846
Sierra Leone,2015,4900,911
Togo,2014,9271,3118
Central African Rep.,2013,252854,211921
Guatemala,2013,6620,95
Armenia,2012,15937,72
Hungary,2012,1085,0
Argentina,2012,435,7
Saint Lucia,2012,567,0
Belgium,2010,80,0
Mozambique,2021,74,8
Uzbekistan,2020,3112,145
Equatorial Guinea,2019,156,0
Papua New Guinea,2017,406,0
Turkmenistan,2017,365,10
Syrian Arab Rep.,2016,5524511,4865719
Chad,2015,14921,12117
Cambodia,2015,12802,172
Algeria,2014,3509,65
Bulgaria,2013,1875,13
Guinea-Bissau,2012,1173,11
Belarus,2012,6181,15
Algeria,2011,6093,75
"China, Macao SAR",2011,8,0
Greece,2010,52,0
United Arab Emirates,2010,418,0
South Africa,2019,441,11
Angola,2017,8292,1012
Argentina,2017,121,5
Austria,2017,10,0
Uganda,2015,6311,972
Cameroon,2012,13360,956
Central African Rep.,2012,164567,153962
Bangladesh,2012,10159,84
Bolivia (Plurinational State of),2011,615,13
Bhutan,2010,75062,72254
Comoros,2019,658,0
China,2018,212039,291
Sierra Leone,2016,4678,849
Costa Rica,2012,325,5
Mexico,2012,8438,13
Slovenia,2011,30,0
Cuba,2010,7460,1394
Niger,2010,794,10
Thailand,2021,176,0
Rep. of Moldova,2021,2137,27
Dem. Rep. of the Congo,2018,720302,644341
Niue,2017,19,0
Benin,2016,479,5
Ecuador,2015,1006,20
Monaco,2015,5,0
El Salvador,2014,10968,480
Gabon,2014,179,5
Nicaragua,2014,1580,657
Saint Kitts and Nevis,2014,20,0
Saint Lucia,2014,921,0
Egypt,2011,7922,121
Syrian Arab Rep.,2010,18451,700
Fiji,2021,468,0
Cameroon,2020,78481,64494
Burundi,2020,372951,362160
Russian Federation,2019,62353,528
Cabo Verde,2019,10,0
South Africa,2017,461,0
Viet Nam,2017,334064,527
Pakistan,2016,105419,63969
Eswatini,2015,213,0
Armenia,2013,11995,70
Mozambique,2013,51,5
"China, Hong Kong SAR",2013,24,0
Timor-Leste,2010,8,0
Ecuador,2021,1707,18
Brazil,2018,1038,0
Sierra Leone,2017,4496,512
Panama,2016,33,0
Uganda,2014,7177,2116
Australia,2014,27,0
Guinea,2011,13164,172
Panama,2021,115,57
Cambodia,2020,11862,344
Portugal,2019,25,0
Antigua and Barbuda,2018,107,0
Saint Lucia,2017,995,0
Iceland,2017,5,0
Curaçao,2017,35,0
Barbados,2016,144,0
Indonesia,2015,13947,782
Western Sahara,2014,116478,90119
Germany,2012,174,0
Andorra,2012,6,0
Stateless,2010,16914,133
Belarus,2021,3463,10
Switzerland,2021,5,0
Oman,2019,42,0
Stateless,2019,68784,16609
Bhutan,2018,7100,5803
Dominica,2016,20,0
Eswatini,2013,103,0
South Sudan,2012,87007,86891
Solomon Islands,2011,72,0
Namibia,2011,1067,984
Sri Lanka,2021,142512,303
Maldives,2019,75,5
Croatia,2019,23793,4339
Greece,2016,101,0
Guyana,2015,508,0
Niger,2014,728,10
Switzerland,2014,16,0
Sri Lanka,2012,132720,2662
Solomon Islands,2020,37,0
Thailand,2020,174,32
Mali,2015,154202,140184
Montenegro,2013,542,0
Indonesia,2012,15514,3451
Côte d'Ivoire,2011,154818,143831
Chad,2011,42619,20950
Iraq,2010,1683576,238512
Paraguay,2010,86,5
Uruguay,2010,185,0
Morocco,2019,4642,24
United Rep. of Tanzania,2017,655,14
Saudi Arabia,2017,1219,36
France,2016,50,0
Comoros,2014,580,0
France,2013,92,0
Russian Federation,2012,110587,1259
Malta,2012,5,0
Romania,2021,1378,0
Qatar,2021,52,0
Singapore,2020,37,0
Kazakhstan,2019,2757,17
Dominica,2019,50,0
Malawi,2019,514,0
Bulgaria,2015,1264,0
Slovenia,2015,21,0
Benin,2014,330,0
Sao Tome and Principe,2014,24,19
Eswatini,2012,59,0
Kiribati,2012,34,0
Australia,2010,38,0
Austria,2010,10,0
Canada,2021,61,0
Antigua and Barbuda,2021,108,0
Botswana,2021,156,0
Solomon Islands,2019,34,0
Belize,2019,73,0
Saint Lucia,2019,843,0
Egypt,2018,24850,362
Lao People's Dem. Rep.,2017,7056,0
Bhutan,2016,11757,10452
Bosnia and Herzegovina,2015,18763,2455
Gambia,2013,3382,14
Tonga,2013,16,0
Kenya,2011,8731,3811
Somalia,2010,770141,576992
Iceland,2020,5,0
Indonesia,2019,12039,1001
New Zealand,2016,25,0
Grenada,2015,270,0
Suriname,2014,17,0
Eritrea,2013,308210,178501
United Kingdom,2013,140,0
Malawi,2013,323,0
Cyprus,2012,10,5
State of Palestine,2011,94141,15433
Oman,2011,58,0
Gambia,2021,10710,26
Gabon,2021,484,0
Côte d'Ivoire,2019,39351,22170
Dominican Rep.,2019,546,0
Libya,2015,6077,231
Tajikistan,2014,722,68
Poland,2014,1306,5
Kyrgyzstan,2012,3490,273
Dem. People's Rep. of Korea,2010,915,19
Comoros,2010,365,0
Guinea-Bissau,2020,1638,5
Dem. Rep. of the Congo,2019,802974,731249
United Arab Emirates,2014,84,0
Oman,2014,25,0
Uzbekistan,2013,4953,356
Liberia,2012,23428,17666
Sweden,2011,23,0
Mauritania,2021,37620,29406
Greece,2021,88,0
Kenya,2020,7422,4244
Kazakhstan,2015,2263,15
Qatar,2014,23,0
Latvia,2013,228,0
Viet Nam,2011,337828,179
"Congo, Republic of",2020,12590,1185
Switzerland,2020,5,0
Central African Rep.,2019,610152,606009
Czechia,2019,1166,0
Eswatini,2017,231,0
Seychelles,2017,10,0
Tunisia,2011,1930,29
Sri Lanka,2010,141064,3031
Japan,2012,173,0
Colombia,2021,142306,19220
Suriname,2017,17,0
Cabo Verde,2017,5,0
Guinea-Bissau,2016,1650,22
Belgium,2014,76,0
Unknown/other,2013,107203,3926
Argentina,2013,381,0
Guinea,2012,14062,186
Central African Rep.,2010,164902,156889
Angola,2021,8415,621
Bangladesh,2021,20109,74
Grenada,2019,80,0
Burundi,2018,387850,378347
Armenia,2018,11040,19
Australia,2018,10,0
Togo,2017,8115,3616
Greece,2017,106,0
Nicaragua,2016,1409,532
Togo,2015,8774,3231
Bahrain,2015,422,19
Benin,2015,400,0
Iran (Islamic Rep. of),2014,82202,15773
Monaco,2013,5,0
South Africa,2012,413,5
Lesotho,2012,5,0
Portugal,2012,32,0
Singapore,2012,64,0
India,2011,16226,17
Qatar,2011,93,0
Saint Kitts and Nevis,2011,7,0
Cameroon,2021,83027,68343
Paraguay,2021,126,0
Denmark,2014,11,0
Portugal,2014,30,0
Spain,2014,60,5
Denmark,2011,6,0
Lesotho,2020,6,0
Canada,2018,81,0
Denmark,2015,11,0
Côte d'Ivoire,2013,85650,73845
South Sudan,2013,114468,114347
Croatia,2012,62606,14551
Eritrea,2021,492465,288521
Slovakia,2021,1385,0
Malta,2020,5,0
Ghana,2018,18071,395
Monaco,2017,5,0
Western Sahara,2015,116542,90082
Haiti,2015,34762,674
North Macedonia,2015,1769,5
"China, Hong Kong SAR",2015,33,0
Italy,2012,65,0
Romania,2010,3926,5
Unknown/other,2010,167115,3802
Kuwait,2010,986,30
Niger,2021,20321,19102
Sao Tome and Principe,2021,28,23
Australia,2021,15,0
Niger,2020,18853,17657
Somalia,2020,812356,646336
Egypt,2019,27416,389
Turkey,2017,61383,15822
Romania,2016,1195,0
Mongolia,2015,2198,0
Angola,2014,9468,1162
Sri Lanka,2013,123074,2396
Mauritius,2013,72,0
Japan,2010,149,0
Jamaica,2021,2499,0
Philippines,2021,497,14
Tonga,2021,31,0
Italy,2017,52,0
Unknown/other,2016,138787,2930
Tajikistan,2015,790,72
Canada,2015,73,0
Paraguay,2012,101,5
Ukraine,2020,35156,1754
Syrian Arab Rep.,2019,6615249,2483851
Latvia,2019,144,5
Afghanistan,2018,2681267,1440280
Panama,2017,36,5
Norway,2014,15,0
Western Sahara,2010,116411,90377
Togo,2010,18308,7915
Syrian Arab Rep.,2021,6761560,1092505
Mali,2021,174319,62637
Peru,2017,2588,73
Dem. Rep. of the Congo,2015,541487,469820
Burkina Faso,2014,1853,23
Egypt,2013,12804,190
Belize,2013,37,0
Saudi Arabia,2011,733,16
Poland,2010,1758,5
Turks and Caicos Islands,2020,14,0
Argentina,2018,112,5
Serbia and Kosovo: S/RES/1244 (1999),2017,33246,1257
Ecuador,2016,1041,25
Canada,2016,76,0
Colombia,2015,340116,37336
Nepal,2015,9051,26
Switzerland,2015,16,0
Uzbekistan,2014,4790,337
Bosnia and Herzegovina,2013,26787,3543
Ireland,2013,7,0
Kuwait,2011,1112,58
Argentina,2011,506,7
Slovenia,2010,35,0
Serbia and Kosovo: S/RES/1244 (1999),2021,28846,186
Niue,2019,19,0
Paraguay,2018,73,0
Belize,2018,68,0
Ukraine,2017,139581,3811
Ghana,2015,22962,9989
Dem. People's Rep. of Korea,2015,1094,72
Ecuador,2014,807,27
Maldives,2014,32,5
Chad,2012,39674,17699
Turkmenistan,2012,708,20
Botswana,2011,88,0
Denmark,2010,6,0
Papua New Guinea,2020,510,0
North Macedonia,2019,1784,10
Lao People's Dem. Rep.,2018,6943,5
Viet Nam,2018,334464,722
Chile,2016,495,8
Burundi,2014,72477,40182
Paraguay,2014,87,0
Afghanistan,2010,3054699,2946507
Barbados,2020,230,0
Gabon,2017,216,0
Italy,2016,49,0
Nepal,2013,8098,33
Kuwait,2012,1189,51
Ethiopia,2011,70601,36992
Kyrgyzstan,2011,3163,82
South Africa,2011,422,5
Kiribati,2011,31,0
United Kingdom,2010,152,0
Bahrain,2021,471,0
Estonia,2021,271,5
Kyrgyzstan,2020,2883,49
Lithuania,2020,58,0
Seychelles,2019,15,0
Sao Tome and Principe,2019,28,23
Mali,2017,150305,130852
Mozambique,2017,48,7
Switzerland,2017,5,0
South Africa,2016,452,6
Spain,2016,34,0
South Africa,2015,447,5
Timor-Leste,2015,19,0
Kazakhstan,2014,2219,10
Bahamas,2014,216,0
Burundi,2013,72636,40829
United Rep. of Tanzania,2011,1154,36
Oman,2021,51,0
Iran (Islamic Rep. of),2020,135018,8677
Uzbekistan,2019,3217,121
Nepal,2017,8415,27
Mali,2014,139249,128216
Curaçao,2013,35,0
Kenya,2012,8946,4048
Philippines,2012,979,25
Saint Vincent and the Grenadines,2020,742,5
Colombia,2019,189254,37519
Azerbaijan,2019,11626,1756
"China, Hong Kong SAR",2018,11,0
China,2017,207716,278
Mauritius,2017,130,0
Russian Federation,2011,109783,1496
Bulgaria,2011,2322,13
Cameroon,2010,14952,2116
El Salvador,2010,4978,484
Germany,2010,159,0
India,2018,9586,5
Yemen,2015,15901,13342
"China, Hong Kong SAR",2014,25,0
Dominica,2014,35,0
Lebanon,2012,15100,65
Sierra Leone,2010,11261,939
Ethiopia,2010,68838,34646
Cyprus,2010,10,5
Iceland,2010,5,0
Chad,2021,10361,5472
Saudi Arabia,2020,2003,42
Saint Kitts and Nevis,2020,54,0
Qatar,2018,30,0
Sri Lanka,2017,115632,1640
Jordan,2017,2119,136
Liberia,2015,9972,6454
Rep. of Moldova,2014,2230,11
Turks and Caicos Islands,2014,15,0
Western Sahara,2013,116500,90241
Seychelles,2012,30,0
Morocco,2011,2305,34
Albania,2010,14771,11
Central African Rep.,2020,642161,632248
Estonia,2019,274,0
Lebanon,2018,5620,75
Tonga,2015,22,0
Jordan,2014,1711,103
Kuwait,2014,974,21
Lithuania,2014,182,0
Venezuela (Bolivarian Republic of),2013,8396,263
Rep. of Moldova,2012,6148,14
Cambodia,2011,15201,123
Barbados,2011,42,0
Mexico,2011,7471,8
Portugal,2011,29,0
Jamaica,2020,2526,48
Equatorial Guinea,2020,145,0
Marshall Islands,2019,7,0
Saudi Arabia,2018,1492,28
Bulgaria,2017,716,0
Chad,2016,14176,11316
Ghana,2016,15527,4052
Myanmar,2015,451804,243739
Stateless,2014,27907,851
Lesotho,2013,10,0
Mozambique,2012,155,10
Benin,2012,451,11
Peru,2011,5488,489
Bahrain,2018,540,25
Austria,2018,24,5
Latvia,2017,162,5
Haiti,2016,29671,615
North Macedonia,2014,1752,5
Bahamas,2013,208,0
Western Sahara,2011,116414,90340
Lebanon,2010,15864,38
Cuba,2021,10590,1501
Fiji,2019,591,0
Guyana,2019,284,0
Norway,2018,5,0
Angola,2015,11855,1390
Cabo Verde,2014,27,0
Zambia,2011,234,0
Indonesia,2010,16882,3448
Tunisia,2010,2159,32
Netherlands,2019,55,0
Togo,2018,8029,3542
Haiti,2017,28424,626
Niger,2017,1363,500
Mexico,2016,10387,27
Bosnia and Herzegovina,2011,58572,23876
Azerbaijan,2011,16168,1998
Eswatini,2011,39,0
Colombia,2010,395579,87518
United States of America,2010,3019,10
Nepal,2010,5883,41
Nicaragua,2010,1426,750
Iraq,2018,372332,94706
Italy,2018,69,0
Yemen,2017,23555,17735
North Macedonia,2017,1653,10
Philippines,2017,445,30
State of Palestine,2016,97794,16334
Guinea-Bissau,2015,1472,22
Saint Kitts and Nevis,2013,12,0
Comoros,2011,420,0
Ukraine,2010,25102,40
Italy,2010,45,0
China,2021,172007,231
Eswatini,2021,185,0
Unknown/other,2019,183117,1279
Côte d'Ivoire,2018,38316,22588
Dominica,2018,36,0
Bahrain,2017,497,27
Cambodia,2016,12428,175
Madagascar,2016,292,0
Rep. of Korea,2015,346,0
Papua New Guinea,2012,172,0
Montenegro,2011,3699,0
Croatia,2010,65863,55235
Dominican Rep.,2020,550,10
Morocco,2020,4467,22
Zambia,2020,252,0
Sierra Leone,2018,4846,507
Western Sahara,2017,116762,116084
Iran (Islamic Rep. of),2016,94102,15961
Cameroon,2016,10344,230
Russian Federation,2016,62759,694
Jordan,2013,1622,76
Viet Nam,2012,336936,253
Slovakia,2011,271,0
Guyana,2021,272,0
Sao Tome and Principe,2020,28,23
Luxembourg,2019,5,0
Uruguay,2017,12,0
Peru,2016,2599,80
Djibouti,2015,1059,81
Greece,2014,108,0
Costa Rica,2013,463,0
Rep. of Moldova,2010,6204,10
Djibouti,2010,556,67
Chile,2021,803,131
Kyrgyzstan,2021,2841,56
Turkmenistan,2021,533,44
Cameroon,2017,11032,345
Jamaica,2013,1501,7
Morocco,2012,2394,20
South Africa,2010,374,0
Guatemala,2010,5675,74
Honduras,2010,1300,47
Panama,2010,94,18
United Rep. of Tanzania,2021,710,26
New Zealand,2020,35,0
Pakistan,2018,132248,78153
North Macedonia,2018,1721,5
"China, Hong Kong SAR",2017,11,0
Solomon Islands,2017,57,0
Croatia,2016,26231,8906
State of Palestine,2014,97207,11892
Gambia,2014,5122,46
Brazil,2013,982,5
Antigua and Barbuda,2013,50,0
"China, Hong Kong SAR",2012,18,0
Qatar,2012,123,0
Maldives,2010,16,0
Kyrgyzstan,2018,2934,172
Poland,2017,1123,0
Costa Rica,2016,202,0
Turkmenistan,2014,470,15
Serbia and Kosovo: S/RES/1244 (1999),2013,48725,8386
Chile,2013,588,5
Gabon,2013,180,5
Rwanda,2012,97357,43183
Sierra Leone,2011,7985,921
Stateless,2011,18170,75
Cambodia,2010,16308,99
Germany,2021,63,0
Burkina Faso,2021,15813,12923
Senegal,2015,21267,16100
Czechia,2012,620,0
Singapore,2021,35,0
United Kingdom,2021,63,0
Bulgaria,2021,505,0
Niue,2021,14,0
Venezuela (Bolivarian Republic of),2020,171112,33847
Bolivia (Plurinational State of),2020,535,12
Georgia,2020,7346,153
Viet Nam,2020,316728,874
Afghanistan,2019,2727556,2393839
Israel,2019,452,0
Bahamas,2016,298,0
Lao People's Dem. Rep.,2014,7476,0
Lao People's Dem. Rep.,2012,7981,0
Kazakhstan,2011,3497,5
Belize,2011,29,0
Tunisia,2019,2068,47
"Congo, Republic of",2018,13354,1123
Uruguay,2018,7,0
Honduras,2015,6847,571
Argentina,2015,186,0
Antigua and Barbuda,2015,56,0
Rwanda,2014,79396,38344
Austria,2013,5,0
Nigeria,2012,18017,3440
Guinea-Bissau,2011,1118,14
Hungary,2016,2909,0
Poland,2016,1159,0
Namibia,2014,1250,978
Croatia,2013,49755,6242
Slovenia,2013,27,0
Australia,2011,38,0
Mozambique,2010,120,0
Dem. People's Rep. of Korea,2019,758,50
France,2019,50,0
"China, Hong Kong SAR",2016,15,0
Rwanda,2015,286357,168323
Italy,2015,69,0
Hungary,2014,1264,0
Barbados,2014,82,0
Uruguay,2014,119,0
Saudi Arabia,2013,575,15
Gambia,2012,3063,5
Equatorial Guinea,2012,230,30
Barbados,2021,257,0
Unknown/other,2020,184067,2029
Benin,2019,721,10
United States of America,2018,332,13
Djibouti,2018,2124,84
Equatorial Guinea,2018,140,5
Dem. People's Rep. of Korea,2013,1163,74
United Rep. of Tanzania,2012,1109,74
United States of America,2012,4454,16
Canada,2012,121,5
United Kingdom,2011,150,0
Tonga,2010,5,0
Antigua and Barbuda,2019,117,0
Slovenia,2018,19,0
Russian Federation,2015,67008,927
Libya,2014,4187,21
Monaco,2012,5,0
Grenada,2010,344,0
Bhutan,2020,6741,6365
Haiti,2018,27517,27
Japan,2018,42,0
Poland,2018,1085,0
Israel,2017,469,0
Rep. of Korea,2017,239,0
Iraq,2015,264086,126814
Guatemala,2015,10284,90
Gambia,2020,10579,26
Netherlands,2020,51,0
Albania,2019,15027,0
Bhutan,2019,6839,5580
Panama,2019,45,5
Spain,2015,60,0
Ghana,2013,21048,9288
Mali,2011,4289,15
Hungary,2011,1234,0
Malaysia,2021,1129,5
Costa Rica,2020,208,5
Kenya,2019,7705,4250
Maldives,2016,58,13
Slovakia,2015,325,0
Malaysia,2011,531,0
Bahamas,2010,17,0
Norway,2021,5,0
Bangladesh,2018,21022,215
Montenegro,2018,715,0
Bhutan,2011,57980,55007
Bhutan,2021,6700,6365
Lao People's Dem. Rep.,2021,6622,8
Solomon Islands,2021,38,0
Dominica,2021,55,0
Serbia and Kosovo: S/RES/1244 (1999),2020,29976,517
Lao People's Dem. Rep.,2020,6665,8
Belarus,2018,3526,10
India,2017,7926,10
Tonga,2017,34,0
Albania,2015,10404,0
France,2014,84,0
Libya,2013,3298,15
Zambia,2013,230,5
Norway,2013,15,0
Dominica,2011,49,0
Equatorial Guinea,2010,306,66
Ghana,2019,18432,9783
Malta,2018,5,0
Rep. of Korea,2013,495,0
Barbados,2013,63,0
Malta,2011,5,0
Dominican Rep.,2010,238,11
Russian Federation,2020,52742,528
Namibia,2019,459,7
Czechia,2018,1236,0
Afghanistan,2017,2624265,1438667
Cayman Islands,2017,6,0
Eswatini,2016,224,0
Cabo Verde,2015,27,0
Dem. Rep. of the Congo,2013,499551,442051
Romania,2012,2802,5
Syrian Arab Rep.,2012,729011,571369
Bahrain,2012,294,0
Jamaica,2012,1404,7
Seychelles,2011,39,0
Morocco,2010,2276,21
Portugal,2010,29,0
Belarus,2020,3139,10
State of Palestine,2018,100728,15186
Namibia,2018,1331,846
Iceland,2018,5,0
Tunisia,2017,1826,42
Lithuania,2017,73,5
Georgia,2016,6405,283
Marshall Islands,2016,5,0
Zambia,2015,334,9
Andorra,2015,5,0
Marshall Islands,2015,5,0
Afghanistan,2014,2596259,2477705
Lebanon,2014,4262,88
Thailand,2012,378,17
United Arab Emirates,2012,580,0
Slovakia,2012,231,0
Netherlands,2011,61,0
State of Palestine,2010,93312,12587
Russian Federation,2010,111944,2193
Dominican Rep.,2021,573,5
Cayman Islands,2019,6,0
Algeria,2017,4021,53
Algeria,2016,3705,54
Pakistan,2015,297886,260025
Costa Rica,2014,414,0
Greece,2013,88,0
United Rep. of Tanzania,2010,1135,22
Thailand,2010,351,8
El Salvador,2021,48721,4534
India,2021,13084,12
Equatorial Guinea,2021,153,0
Zambia,2019,259,0
Tajikistan,2018,1695,71
Monaco,2018,5,0
Senegal,2017,26584,17761
Lao People's Dem. Rep.,2016,7229,0
Guinea-Bissau,2014,1306,14
El Salvador,2013,9634,320
United Arab Emirates,2013,84,0
Malawi,2012,273,0
Benin,2010,438,15
Egypt,2021,27133,313
Dem. People's Rep. of Korea,2021,615,52
Lao People's Dem. Rep.,2019,6757,6
Jordan,2018,2430,98
Uzbekistan,2017,3405,183
Comoros,2017,600,0
State of Palestine,2015,98013,17655
Ecuador,2013,711,22
Mexico,2010,6809,7
Dem. Rep. of the Congo,2021,864510,584375
South Sudan,2018,2285301,1814639
Malawi,2018,472,0
Sweden,2015,18,0
Djibouti,2014,870,82
Timor-Leste,2014,13,0
Lebanon,2013,3809,76
Kazakhstan,2012,3567,10
Cabo Verde,2012,22,0
Ireland,2011,7,0
Hungary,2010,1435,0
Spain,2010,41,5
Malawi,2021,516,0
Croatia,2018,24105,2036
Australia,2017,10,0
Mauritania,2016,36263,29007
Armenia,2016,10707,43
Sri Lanka,2016,117472,1741
Stateless,2016,48687,1089
Uzbekistan,2015,4197,284
Lao People's Dem. Rep.,2015,7359,0
Bulgaria,2014,1644,13
China,2013,195121,298
Indonesia,2013,14775,708
Kuwait,2013,971,39
Tunisia,2013,1359,28
Zimbabwe,2012,22082,1126
Afghanistan,2011,2664423,2562884
Kenya,2021,7533,4267
Zimbabwe,2021,8458,138
Antigua and Barbuda,2020,108,0
Kyrgyzstan,2019,2963,50
Lebanon,2017,5301,136
Sweden,2014,18,0
Namibia,2013,1138,977
Montenegro,2012,4052,0
New Zealand,2011,13,0
Netherlands,2021,54,0
Botswana,2020,191,0
Mozambique,2019,77,8
Saint Kitts and Nevis,2019,57,0
Fiji,2017,734,0
Burkina Faso,2016,2352,0
Mexico,2014,10672,29
Solomon Islands,2014,70,0
Niue,2014,18,0
Qatar,2013,15,0
Egypt,2012,10014,152
Libya,2012,5233,30
Tajikistan,2021,2296,88
Australia,2019,20,5
Syrian Arab Rep.,2018,6654374,3790355
Bolivia (Plurinational State of),2018,502,0
Barbados,2018,211,0
Thailand,2017,164,24
United Rep. of Tanzania,2016,579,19
Kenya,2016,7526,3541
Finland,2016,5,0
Estonia,2013,349,0
Papua New Guinea,2021,498,0
Malaysia,2019,906,0
Malta,2019,5,0
Nigeria,2017,238977,180559
Brazil,2016,803,0
Bolivia (Plurinational State of),2012,616,23
Uganda,2012,5588,1064
Mauritius,2012,57,0
Mongolia,2011,1982,0
Liberia,2020,5195,2441
Fiji,2020,516,0
Cayman Islands,2020,5,0
Colombia,2018,138583,22594
Burkina Faso,2018,11447,8457
France,2018,59,0
Netherlands,2018,41,0
"Congo, Republic of",2017,13295,1120
Dem. People's Rep. of Korea,2014,1275,56
Mongolia,2014,2162,0
Australia,2012,47,0
Croatia,2011,62653,52418
Spain,2011,42,5
Lebanon,2019,5647,102
Nepal,2019,8034,24
Ethiopia,2018,92232,45578
Nicaragua,2017,1467,584
Western Sahara,2016,116648,90071
Guyana,2016,269,0
Zimbabwe,2015,21332,1366
Botswana,2015,306,0
Panama,2015,62,0
Czechia,2013,984,0
Yemen,2012,2582,384
Turkey,2011,139763,15121
Saint Vincent and the Grenadines,2011,1126,0
Guinea-Bissau,2010,1117,34
Malta,2010,5,0
El Salvador,2020,45640,4238
Philippines,2018,522,25
Qatar,2017,31,0
Togo,2016,8296,3490
Senegal,2014,23110,19685
Belarus,2014,4296,23
Monaco,2014,5,0
"China, Hong Kong SAR",2011,14,0
Burkina Faso,2010,1141,10
Armenia,2021,10208,30
Mongolia,2020,2277,0
Poland,2020,910,0
Honduras,2019,26351,5073
Indonesia,2018,12148,926
Jamaica,2017,2224,24
Israel,2016,487,0
Ukraine,2014,237617,200
Dominican Rep.,2013,298,16
Venezuela (Bolivarian Republic of),2012,8204,265
Belgium,2012,91,0
Djibouti,2011,595,80
Italy,2019,76,0
Kazakhstan,2018,2520,15
Lesotho,2018,6,0
Romania,2017,1210,0
Grenada,2017,103,0
Azerbaijan,2016,10118,2092
Zimbabwe,2016,18141,770
Hungary,2015,1447,0
Dominican Rep.,2015,382,5
Gabon,2011,180,5
Mauritania,2020,37931,29881
Marshall Islands,2018,7,0
Maldives,2015,39,5
Suriname,2015,19,0
Myanmar,2013,479594,218171
Finland,2012,5,0
Guatemala,2021,25556,912
Peru,2021,3136,38
Mongolia,2021,2275,0
Peru,2018,2579,31
Madagascar,2017,292,0
Afghanistan,2015,2666294,2534416
Thailand,2015,209,16
Egypt,2014,15899,249
United Rep. of Tanzania,2014,843,81
El Salvador,2019,41816,3648
Rep. of Moldova,2019,2427,30
Costa Rica,2018,207,0
Saint Kitts and Nevis,2018,58,0
Rep. of Korea,2016,243,0
Brazil,2015,893,0
Trinidad and Tobago,2015,369,0
Viet Nam,2014,313420,181
Iraq,2013,401461,125002
Oman,2013,20,0
Singapore,2011,65,0
Cyprus,2011,10,5
Malawi,2010,168,0
Oman,2010,62,0
Dem. People's Rep. of Korea,2020,689,53
Mauritania,2017,36525,29121
Hungary,2017,3336,0
Gabon,2015,174,5
Seychelles,2014,23,0
Togo,2013,10301,3564
Bahamas,2012,195,0
Gambia,2011,2572,10
Kiribati,2010,31,0
Cambodia,2021,11849,314
Benin,2021,639,26
Iran (Islamic Rep. of),2019,128998,6789
Bangladesh,2019,22766,80
Jordan,2019,2308,100
Papua New Guinea,2015,335,0
Dominican Rep.,2012,280,21
Japan,2015,140,0
Sudan,2020,787823,739172
Sri Lanka,2020,142664,1533
Latvia,2020,143,7
Mauritania,2019,37423,29518
Eritrea,2017,486209,287175
Estonia,2017,288,0
Saint Kitts and Nevis,2017,51,0
Uruguay,2015,84,0
Malawi,2014,356,0
Denmark,2013,6,0
New Zealand,2012,19,0
Cameroon,2011,15149,2130
Bolivia (Plurinational State of),2010,589,117
Finland,2010,6,0
South Sudan,2021,2277919,2049379
Greece,2019,95,0
Zambia,2018,266,0
Bulgaria,2018,620,0
Somalia,2017,986386,695564
Peru,2015,3591,129
Montenegro,2014,601,0
Philippines,2011,945,19
Switzerland,2011,20,0
Norway,2011,5,0
Egypt,2010,6903,94
Chad,2010,53713,32656
Guinea,2010,11978,133
Bhutan,2012,41582,40991
Lithuania,2021,58,5
Colombia,2020,189866,31613
Tajikistan,2020,2219,96
Belize,2020,68,0
Panama,2020,70,11
Mexico,2018,12870,17
Finland,2018,5,0
Niger,2015,1383,416
Ethiopia,2014,86857,45415
Benin,2013,294,0
Eritrea,2011,251941,135410
France,2011,92,0
Brazil,2010,991,0
"China, Hong Kong SAR",2019,5,0
Ecuador,2018,1424,5
Namibia,2017,1368,923
Dominican Rep.,2017,427,0
Eritrea,2015,407428,266188
Zambia,2014,309,9
Mauritius,2014,91,0
Equatorial Guinea,2014,168,10
Bosnia and Herzegovina,2012,51815,4780
Burkina Faso,2012,1458,10
Ecuador,2011,912,30
Cabo Verde,2020,5,0
Germany,2019,69,11
Rep. of Moldova,2018,2397,30
State of Palestine,2017,99630,16423
Rwanda,2017,258986,137412
Rep. of Moldova,2017,2339,21
Zimbabwe,2014,22478,1615
Mali,2013,152812,144217
Serbia and Kosovo: S/RES/1244 (1999),2012,158903,10017
North Macedonia,2010,7880,42
Grenada,2012,316,0
Unknown/other,2021,185935,936
Egypt,2020,26553,431
Oman,2020,47,0
Tonga,2019,32,0
Brazil,2017,851,0
United Arab Emirates,2017,137,5
Ethiopia,2016,83958,40896
Uruguay,2016,23,0
Peru,2014,4333,456
Lithuania,2012,487,0
Kazakhstan,2020,2741,17
Benin,2020,606,20
Mauritius,2019,178,0
Lithuania,2019,61,0
Oman,2016,35,0
Singapore,2016,38,0
Latvia,2016,165,6
Slovakia,2014,316,0
Colombia,2013,396711,91300
Fiji,2013,1109,0
Slovakia,2013,321,0
Rep. of Korea,2011,508,0
Zimbabwe,2011,25033,994
Cuba,2020,8912,1591
Bahrain,2019,557,19
Sweden,2019,13,0
South Africa,2018,482,6
Mexico,2017,11679,27
India,2016,7288,10
Dem. People's Rep. of Korea,2016,1419,79
Thailand,2016,147,17
Cameroon,2015,10565,377
Dem. Rep. of the Congo,2014,516765,447051
New Zealand,2014,14,0
Angola,2013,10274,1058
Uruguay,2013,144,0
Armenia,2011,16491,51
Kazakhstan,2010,3631,10
Belize,2021,68,10
Slovenia,2020,17,0
Russian Federation,2017,61584,647
Jordan,2015,1836,119
Ghana,2014,22116,9981
Romania,2013,2331,10
Russian Federation,2021,52687,490
Saint Lucia,2021,594,0
Indonesia,2020,13029,11510
Maldives,2020,78,5
Turkmenistan,2020,498,39
Bulgaria,2019,566,0
Georgia,2018,6983,172
Bolivia (Plurinational State of),2017,520,5
Kenya,2017,7567,3673
Chad,2013,48618,17107
Russian Federation,2013,74310,1108
Georgia,2011,10115,1022
Guinea,2021,28961,449
Italy,2021,66,0
Sierra Leone,2020,5734,1562
Seychelles,2020,10,0
Comoros,2020,748,0
Burkina Faso,2019,11733,8457
Trinidad and Tobago,2019,307,0
Lithuania,2018,66,5
Guinea-Bissau,2017,1870,23
Azerbaijan,2017,10893,1919
South Sudan,2017,2439888,1901381
Malawi,2016,427,0
Barbados,2015,95,0
Latvia,2014,206,0
Dominican Rep.,2014,348,21
Niue,2012,10,0
Estonia,2011,225,0
Gambia,2010,2233,5
Trinidad and Tobago,2021,293,0
Rwanda,2020,245781,99397
Bosnia and Herzegovina,2020,15579,1944
France,2020,49,0
Saudi Arabia,2019,1721,37
Switzerland,2018,5,0
Gambia,2017,14564,55
Argentina,2016,120,0
Philippines,2014,660,10
Saint Lucia,2013,711,0
Brazil,2012,1073,5
Syrian Arab Rep.,2011,19931,862
Uruguay,2011,183,0
Libya,2010,2297,16
France,2010,90,0
Argentina,2021,115,0
Mozambique,2020,81,8
Argentina,2020,99,0
Guinea,2018,23493,131
United Rep. of Tanzania,2018,723,29
South Sudan,2015,778722,778526
Burundi,2012,73354,40069
Namibia,2012,1097,998
Pakistan,2010,39979,7030
Suriname,2010,24,0
United States of America,2019,297,12
Thailand,2019,173,29
Iceland,2019,5,0
Estonia,2018,281,0
Norway,2017,15,0
Libya,2016,8831,855
Georgia,2015,6505,404
Denmark,2012,6,0
Sweden,2012,21,0
Switzerland,2012,16,0
Lebanon,2011,15004,42
Indonesia,2011,16069,3408
Central African Rep.,2021,713262,707932
Pakistan,2019,136902,38162
Slovakia,2018,1218,0
Belarus,2017,3650,15
Liberia,2016,6558,3177
Slovenia,2016,20,0
Tonga,2014,19,0
Papua New Guinea,2013,219,0
Belgium,2013,76,0
Madagascar,2012,299,0
Monaco,2011,5,0
Serbia and Kosovo: S/RES/1244 (1999),2010,183284,12822
Ireland,2010,7,0
Netherlands,2010,52,0
Mongolia,2019,2364,0
Indonesia,2017,12485,883
Trinidad and Tobago,2016,295,0
Seychelles,2015,19,0
Peru,2012,5207,474
Thailand,2011,365,14
Timor-Leste,2011,8,0
Canada,2011,108,5
Senegal,2010,16255,14886
Uganda,2010,6421,849
Ethiopia,2020,151426,107580
South Sudan,2019,2234805,1858438
New Zealand,2017,34,0
Croatia,2015,33452,11844
Philippines,2015,582,10
Bahamas,2015,216,0
"China, Macao SAR",2014,5,0
Peru,2013,4762,407
Guyana,2010,746,0
Bosnia and Herzegovina,2018,16956,567
Latvia,2015,187,6
Guinea,2014,15247,173
Ireland,2014,7,0
Guyana,2013,800,0
Finland,2013,5,0
Tajikistan,2012,669,52
Sudan,2011,500004,460219
Turks and Caicos Islands,2011,14,0
"Congo, Republic of",2010,20682,9390
Montenegro,2021,520,0
South Sudan,2020,2188785,1935098
Gambia,2019,17813,26
Western Sahara,2018,116790,47
Rwanda,2016,286063,168358
Sierra Leone,2014,4988,865
Unknown/other,2014,101138,1256
Maldives,2011,21,0
Turkey,2021,97535,14070
Curaçao,2020,35,0
Mongolia,2018,2249,0
Germany,2017,66,10
Paraguay,2016,68,0
"China, Macao SAR",2015,5,0
Guyana,2014,700,0
Italy,2014,63,0
Israel,2013,1026,16
North Macedonia,2012,7582,5
Togo,2011,17853,7897
North Macedonia,2020,1576,0
Grenada,2020,70,0
Uganda,2019,7301,1085
Uzbekistan,2018,3276,160
Chile,2017,493,0
Bahamas,2017,378,0
Central African Rep.,2014,412028,410618
Somalia,2014,1106430,833011
Panama,2014,83,18
Mongolia,2013,2054,0
New Zealand,2013,15,0
Somalia,2012,1136709,1023568
Panama,2012,107,18
Poland,2011,1811,5
Jamaica,2010,1055,7
Senegal,2021,14364,5967
United Arab Emirates,2016,103,0
Mauritania,2015,34656,27251
Argentina,2014,311,0
Eswatini,2014,151,0
Sao Tome and Principe,2013,31,31
Canada,2013,94,0
Niue,2013,14,0
Pakistan,2012,49778,17099
Iraq,2011,1428306,210613
Burkina Faso,2011,1262,5
France,2021,42,0
Western Sahara,2019,116908,90043
Argentina,2019,99,0
Bosnia and Herzegovina,2017,17690,1652
Costa Rica,2017,195,0
Ecuador,2017,1251,15
Montenegro,2017,704,0
Canada,2017,75,0
Honduras,2016,10509,589
Sri Lanka,2015,121427,2152
Trinidad and Tobago,2014,371,0
Dominica,2013,41,0
Nepal,2012,7601,32
Viet Nam,2010,338707,199
Turkmenistan,2010,723,14
Nigeria,2021,369880,268906
Tunisia,2021,1772,34
Malta,2021,5,0
Azerbaijan,2020,101468,24714
Niger,2018,2715,1666
Serbia and Kosovo: S/RES/1244 (1999),2016,36928,1412
Bulgaria,2016,799,0
Germany,2014,170,0
Lesotho,2014,16,0
Uganda,2013,8166,3744
Nicaragua,2013,1530,667
Colombia,2011,395950,90358
Turkmenistan,2011,711,5
Eritrea,2020,524738,323473
Saint Lucia,2020,726,0
Sudan,2018,724787,685478
Zimbabwe,2017,17420,780
Rep. of Korea,2014,478,0
Cambodia,2012,14016,178
Latvia,2010,712,0
Saudi Arabia,2021,2177,26
Nepal,2020,7483,33
Peru,2019,2765,43
Sri Lanka,2019,110341,1481
Myanmar,2017,1156742,1094461
Tajikistan,2016,932,59
Unknown/other,2015,120122,509
Canada,2020,65,0
Gabon,2020,454,0
Libya,2019,16033,2589
Armenia,2019,10962,16
Equatorial Guinea,2017,127,5
Saint Vincent and the Grenadines,2016,1335,0
Iran (Islamic Rep. of),2015,84950,14701
Paraguay,2015,88,0
Rwanda,2013,83943,41931
Algeria,2013,3643,66
Belarus,2013,4387,13
Lithuania,2013,217,0
Switzerland,2013,11,0
Andorra,2013,5,0
Ukraine,2012,25248,28
Angola,2011,128657,100514
Haiti,2011,33652,388
Liberia,2010,70133,62422
Saint Vincent and the Grenadines,2010,946,0
Guinea-Bissau,2019,2093,10
Bangladesh,2016,13842,83
Germany,2016,67,0
Viet Nam,2015,313152,275
Venezuela (Bolivarian Republic of),2014,8009,300
Iran (Islamic Rep. of),2013,75061,12301
Ecuador,2012,848,15
Chile,2011,1182,5
Haiti,2020,25649,920
United Kingdom,2016,78,0
Hungary,2013,1218,0
Lao People's Dem. Rep.,2013,7736,0
Eritrea,2012,285356,157412
Georgia,2012,9266,1485
Maldives,2012,22,0
"Congo, Republic of",2011,12836,1983
Dominica,2010,51,0
Rwanda,2021,247974,101003
Ireland,2021,5,0
Italy,2020,62,0
Jordan,2016,1919,120
Mozambique,2016,48,5
Germany,2015,153,0
Jamaica,2014,1682,7
Saint Vincent and the Grenadines,2012,1315,0
Ghana,2011,20333,3845
Madagascar,2020,268,0
Slovakia,2020,1368,0
Paraguay,2019,84,10
Lesotho,2019,6,0
Central African Rep.,2018,590858,586153
Nepal,2018,8590,30
Azerbaijan,2021,48648,27588
Comoros,2021,813,5
Bangladesh,2020,18948,128
Chile,2019,486,0
Somalia,2016,1012320,732054
Russian Federation,2014,70552,953
Cayman Islands,2014,6,0
Singapore,2013,61,0
Fiji,2012,1314,0
Comoros,2012,449,0
Jamaica,2011,1248,6
New Zealand,2021,34,0
Chile,2020,659,118
Guyana,2020,267,19
Greece,2018,107,0
Mozambique,2018,57,7
Sao Tome and Principe,2017,31,26
Marshall Islands,2017,7,0
Eritrea,2016,457247,282193
Zambia,2016,256,0
Czechia,2016,1266,0
United Arab Emirates,2015,91,0
Rep. of Moldova,2015,2289,24
Belize,2015,48,0
Honduras,2014,4157,306
Nepal,2014,8542,22
Finland,2014,5,0
Turkey,2013,66558,15539
Haiti,2013,38644,864
Slovenia,2012,32,0
Costa Rica,2019,206,0
Myanmar,2019,1076826,1071079
Venezuela (Bolivarian Republic of),2017,9272,526
Central African Rep.,2017,545513,542295
Sweden,2017,14,0
United States of America,2015,4824,5
United Rep. of Tanzania,2013,1033,107
Ghana,2012,24269,7562
Côte d'Ivoire,2010,41747,32297
Ghana,2021,13960,8535
Uganda,2018,7034,1000
Djibouti,2017,1761,86
Monaco,2016,5,0
Algeria,2015,3470,62
Cuba,2015,6827,511
Nicaragua,2015,1469,515
Mali,2012,149930,143193
Trinidad and Tobago,2011,296,0
Chile,2010,1163,5
Yemen,2021,34780,12024
Bahamas,2020,534,0
Botswana,2019,228,0
Ghana,2017,16959,9717
Comoros,2016,572,0
Burkina Faso,2015,2147,27
India,2013,11032,7
Kyrgyzstan,2013,2299,297
"Congo, Republic of",2012,12113,1916
Tonga,2016,25,0
Philippines,2013,718,12
Côte d'Ivoire,2012,100709,89558
Cuba,2011,7845,1402
Montenegro,2010,3243,0
Burundi,2021,323149,113078
India,2019,11787,10
Belize,2017,64,0
Dominica,2017,26,0
Bolivia (Plurinational State of),2016,530,8
Ukraine,2016,239062,4907
Saudi Arabia,2016,937,33
Morocco,2013,1290,22
North Macedonia,2011,7677,56
Suriname,2011,22,0
"China, Hong Kong SAR",2010,16,0
Sweden,2010,23,0
Curaçao,2021,35,0
Hungary,2020,4617,0
Myanmar,2018,1145149,1138765
El Salvador,2017,25876,1976
Barbados,2017,172,0
Gabon,2016,167,5
Mozambique,2014,55,5
Guinea-Bissau,2013,1222,5
Georgia,2013,6787,840
Cambodia,2013,13738,174
Dem. People's Rep. of Korea,2012,1126,44
Albania,2021,16042,0
Germany,2020,71,0
Qatar,2019,36,0
Niue,2018,19,0
Libya,2017,11205,1689
"Congo, Republic of",2016,13291,1139
Bosnia and Herzegovina,2016,18194,1741
Kyrgyzstan,2016,2571,240
Indonesia,2016,13056,784
Kyrgyzstan,2015,2498,267
Latvia,2012,662,0
Botswana,2012,125,0
United States of America,2011,3775,5
Lao People's Dem. Rep.,2011,8086,36
Iran (Islamic Rep. of),2021,139672,6279
Turkey,2020,93732,16143
Luxembourg,2020,5,0
Dem. People's Rep. of Korea,2017,1176,77
Lebanon,2016,4719,130
Jamaica,2015,1857,12
Singapore,2015,50,0
Malaysia,2014,458,0
Kiribati,2014,5,0
Cameroon,2013,11410,679
Bangladesh,2013,9720,91
Georgia,2021,7562,147
Belgium,2018,50,0
Guinea,2017,20333,245
Armenia,2017,10786,46
Netherlands,2017,39,0
Armenia,2015,11211,72
South Africa,2013,424,5
Norway,2012,5,0
Madagascar,2011,287,0
Lesotho,2011,5,0
Japan,2014,257,0
Albania,2011,13552,6
Slovenia,2021,17,0
Rep. of Korea,2020,146,5
Rwanda,2019,246407,98627
Singapore,2018,46,0
Fiji,2016,791,0
Indonesia,2014,14393,758
Turks and Caicos Islands,2013,15,0
Stateless,2012,19668,83
United States of America,2021,728,28
Maldives,2021,79,5
Stateless,2021,54079,143
South Africa,2020,474,6
Zimbabwe,2020,8575,149
Namibia,2020,457,0
Switzerland,2019,5,0
Comoros,2018,624,6
Belgium,2017,52,0
Albania,2016,11060,0
Turkmenistan,2016,371,18
Netherlands,2015,64,0
Kyrgyzstan,2014,2449,293
Bolivia (Plurinational State of),2013,594,13
Cayman Islands,2013,6,0
Zambia,2010,221,0
Madagascar,2010,266,0
Bhutan,2013,31556,30991
